TEAM,GAMES,POINTS,2PM,2PA,2P%,3PM,3PA,3P%,SM,SA,S%,FTM,FTA,FTP,OREB,DREB,TREB,AST,PF,FF,TOV,STL,BLK,RBLK,EVAL,PLUS_MINUS,YEAR
AZS AGH Kraków,34.0,76.8,17.7,35.0,50.6,9.2,29.9,30.7,26.9,64.9,41.4,13.8,20.7,66.6,11.62,24.44,36.06,18.5,22.21,21.0,13.4,7.85,2.65,2.47,83.6,-15.4,2022/2023
BS Polonia Bytom,34.0,79.9,20.9,42.2,49.7,8.2,24.6,33.5,29.2,66.7,43.7,13.4,20.9,64.0,11.15,26.53,37.68,15.3,19.62,19.97,13.4,7.0,2.15,2.65,83.7,-31.6,2022/2023
Decka Pelplin,37.0,78.8,21.4,41.8,51.2,7.2,23.0,31.4,28.6,64.8,44.2,14.4,21.5,66.9,11.46,28.7,40.16,17.4,23.16,20.54,14.1,7.54,3.32,2.92,89.9,9.2,2022/2023
Dziki Warszawa,44.0,78.6,20.3,38.6,52.6,7.6,23.7,32.1,27.9,62.3,44.8,15.1,23.6,63.9,11.61,26.98,38.59,20.0,19.95,22.45,13.8,9.48,2.73,2.91,92.6,39.2,2022/2023
Enea Basket Poznań,34.0,80.4,20.9,38.7,53.9,7.9,26.1,30.4,28.8,64.7,44.4,15.0,21.8,68.8,11.53,26.0,37.53,17.9,22.06,21.24,14.6,8.88,1.68,2.62,89.1,11.8,2022/2023
GKS Tychy,38.0,79.7,19.8,39.6,49.9,7.4,22.7,32.6,27.2,62.3,43.6,18.0,24.2,74.5,11.53,27.89,39.42,17.5,22.37,22.58,14.9,7.53,1.79,2.29,89.7,20.4,2022/2023
Górnik Trans.eu Zamek Książ Wałbrzych,43.0,82.1,22.2,40.8,54.4,8.0,25.4,31.3,30.1,66.2,45.5,13.9,21.5,64.9,12.56,28.65,41.21,21.5,20.47,19.63,12.9,8.91,3.74,1.7,100.9,43.1,2022/2023
HydroTruck Radom,44.0,84.5,19.5,35.7,54.7,10.4,29.8,34.8,29.9,65.4,45.7,14.3,19.4,74.0,10.55,29.05,39.59,20.2,20.3,19.02,13.3,8.09,2.09,2.61,100.5,32.6,2022/2023
KKS Polonia Warszawa,37.0,78.2,19.4,36.8,52.8,8.7,26.5,32.7,28.1,63.2,44.4,13.5,19.7,68.6,10.62,28.05,38.68,18.6,21.41,19.41,15.2,7.38,3.7,2.43,90.1,4.7,2022/2023
Miasto Szkła Krosno,34.0,78.1,20.3,36.9,54.9,8.2,25.5,32.2,28.5,62.4,45.6,12.9,19.5,66.5,11.59,26.71,38.29,18.7,21.24,19.15,15.3,7.56,2.06,2.65,89.0,6.2,2022/2023
MKKS Żak Koszalin,34.0,86.2,20.3,39.1,52.0,9.2,26.5,34.7,29.5,65.6,45.0,17.9,24.0,74.4,11.5,25.74,37.24,18.7,22.32,21.68,14.9,9.12,2.65,2.38,96.8,11.9,2022/2023
PGE Turów Zgorzelec,34.0,78.4,20.7,40.3,51.3,7.9,23.1,34.3,28.6,63.3,45.1,13.3,19.9,67.1,9.06,23.47,32.53,18.2,20.68,19.53,14.0,8.29,2.0,2.12,84.1,-33.2,2022/2023
Sensation Kotwica Kołobrzeg,38.0,79.1,16.8,31.9,52.8,11.7,33.2,35.1,28.5,65.1,43.8,10.5,15.3,68.6,8.79,29.05,37.84,18.6,19.97,16.55,12.7,8.29,2.92,2.45,92.7,22.5,2022/2023
SKS Starogard Gdański,43.0,82.7,18.6,35.2,52.7,8.7,25.4,34.1,27.2,60.6,44.9,19.6,26.3,74.5,8.93,30.74,39.67,18.0,19.84,23.02,14.0,5.3,2.74,3.19,94.3,12.8,2022/2023
Start II Lublin,34.0,68.7,19.1,40.3,47.4,6.2,22.6,27.6,25.4,62.9,40.3,11.7,17.8,66.1,10.32,23.15,33.47,13.3,15.65,17.62,22.2,6.79,2.41,3.56,58.9,-182.4,2022/2023
Weegree AZS Politechnika Opolska,34.0,81.3,19.2,35.1,54.5,9.3,28.9,32.1,28.4,64.0,44.4,15.1,19.9,76.0,10.91,26.47,37.38,20.4,23.03,20.35,15.7,8.09,2.41,2.0,93.5,3.1,2022/2023
WKK Wrocław,34.0,78.7,17.9,35.9,49.8,8.4,25.7,32.7,26.3,61.6,42.6,17.8,24.9,71.6,8.94,28.53,37.47,20.2,19.03,22.56,14.2,7.18,2.0,2.56,88.9,5.2,2022/2023
WKS Śląsk II Wrocław,34.0,73.3,19.8,39.9,49.6,6.4,22.4,28.7,26.3,62.4,42.1,14.3,21.6,66.3,12.35,27.79,40.15,15.7,20.76,20.15,15.3,7.0,3.21,3.12,80.7,-2.2,2022/2023
 AZS UMCS Start II Lublin,32.0,80.1,20.3,41.4,49.2,7.8,23.5,32.9,28.1,64.9,43.3,16.1,22.1,73.1,9.91,27.91,37.81,17.5,19.13,20.56,12.7,7.66,2.09,2.53,89.7,-13.3,2021/2022
AZS AGH Kraków,36.0,79.4,20.1,38.0,53.0,8.5,30.5,27.8,28.6,68.6,41.7,13.7,20.4,67.1,12.64,24.47,37.11,18.5,24.31,20.44,13.6,8.81,1.47,2.42,85.0,-2.4,2021/2022
Decka Pelplin,32.0,72.4,17.8,36.9,48.1,8.7,27.8,31.3,26.5,64.7,40.9,10.8,15.4,70.0,13.56,27.41,40.97,17.3,21.28,17.28,16.8,6.75,2.97,2.22,80.7,-25.5,2021/2022
Dziki Warszawa,37.0,73.6,18.0,36.3,49.6,8.7,27.5,31.8,26.7,63.8,41.9,11.4,18.5,61.8,11.27,27.51,38.78,16.9,20.43,18.16,13.6,8.89,2.32,2.81,82.5,14.6,2021/2022
GKS Tychy,37.0,83.2,20.0,40.2,49.9,9.1,26.7,34.1,29.1,66.8,43.6,16.0,21.4,74.7,12.08,26.19,38.27,17.4,23.7,20.97,13.7,8.41,1.32,2.57,91.8,9.4,2021/2022
Górnik Trans.eu Wałbrzych,45.0,83.7,22.1,44.6,49.6,8.1,24.4,33.1,30.2,69.0,43.7,15.3,22.9,66.7,12.62,31.4,44.02,18.1,21.44,21.02,14.1,8.0,3.11,2.2,96.3,25.0,2021/2022
KS Księżak Łowicz,32.0,82.7,20.7,36.5,56.6,8.3,24.9,33.1,28.9,61.5,47.1,16.6,22.0,75.4,8.06,26.59,34.66,17.1,21.19,21.59,16.3,6.0,1.19,1.97,87.4,-33.3,2021/2022
Miasto Szkła Krosno,32.0,78.7,20.6,39.1,52.6,8.0,23.2,34.6,28.6,62.3,45.9,13.5,20.6,65.3,10.88,27.28,38.16,17.3,21.66,20.19,15.6,6.97,3.06,2.25,87.8,-1.1,2021/2022
MKKS Żak Koszalin,32.0,75.9,21.8,43.2,50.6,6.4,21.3,30.1,28.3,64.5,43.8,13.0,19.5,66.6,12.56,27.41,39.97,16.8,19.06,19.03,15.3,7.84,2.91,1.88,85.3,-12.3,2021/2022
PGE Turów Zgorzelec,32.0,75.7,18.4,38.2,48.2,8.5,25.4,33.4,26.9,63.6,42.3,13.4,21.3,63.2,10.25,26.78,37.03,17.2,18.97,21.5,16.8,6.84,1.34,2.66,76.7,-68.6,2021/2022
Rawlplug Sokół Łańcut,44.0,85.9,19.4,34.3,56.7,11.1,29.5,37.5,30.5,63.7,47.8,13.9,18.6,74.7,9.32,28.8,38.11,21.3,19.07,19.77,14.9,8.09,3.27,1.61,103.8,35.9,2021/2022
Sensation Kotwica Kołobrzeg,44.0,82.8,18.5,35.7,51.8,11.1,31.6,35.3,29.7,67.3,44.1,12.4,17.5,70.6,10.59,31.52,42.11,18.1,20.7,18.16,12.6,7.07,2.59,2.27,97.3,43.5,2021/2022
SKS Starogard Gdański,32.0,79.9,18.8,36.8,51.2,9.3,29.1,31.8,28.1,65.9,42.6,14.5,22.7,63.7,12.0,28.81,40.81,17.6,18.72,20.81,15.6,7.69,3.94,2.75,88.3,-0.6,2021/2022
TBS Śląsk II Wrocław,32.0,83.9,22.1,43.7,50.6,8.5,25.7,33.2,30.6,69.4,44.1,14.2,21.1,67.1,12.22,29.63,41.84,17.3,22.16,20.69,14.3,7.06,2.22,2.56,92.3,10.8,2021/2022
Weegree AZS Politechnika Opolska,42.0,80.4,18.7,35.3,53.1,8.7,26.6,32.7,27.4,61.9,44.3,16.9,23.6,71.5,9.19,28.45,37.64,20.5,19.57,22.79,13.2,7.17,2.24,2.62,93.5,17.9,2021/2022
WKK Wrocław,37.0,79.0,19.7,40.6,48.5,7.7,23.0,33.6,27.4,63.5,43.1,16.5,22.9,71.9,10.11,28.78,38.89,16.5,18.78,20.62,13.5,7.11,2.43,2.86,87.9,-4.0,2021/2022
Znicz Basket Pruszków,32.0,74.5,18.4,37.9,48.6,7.8,26.8,29.2,26.3,64.8,40.5,14.1,20.2,70.1,10.97,26.5,37.47,15.0,20.44,21.56,15.1,7.19,1.69,2.53,76.2,-44.4,2021/2022
Decka Pelplin,30.0,82.8,20.0,38.0,52.7,8.4,24.3,34.5,28.4,62.3,45.6,17.5,22.7,77.0,8.37,26.1,34.47,18.0,19.53,20.47,15.5,7.37,2.87,2.6,90.9,-20.9,2020/2021
Dziki Warszawa,30.0,79.6,19.9,38.7,51.4,8.7,26.6,32.8,28.6,65.3,43.8,13.6,19.7,69.1,11.1,26.53,37.63,17.9,21.97,20.07,15.2,8.4,2.97,1.87,88.5,-4.8,2020/2021
Elektrobud-Investment ZB Pruszków,33.0,72.9,17.8,35.7,49.8,8.3,25.6,32.4,26.1,61.4,42.5,12.4,18.6,66.7,10.33,25.58,35.91,16.9,20.82,19.27,15.8,9.06,1.88,2.76,79.3,-6.3,2020/2021
Energa Kotwica Kołobrzeg,30.0,78.7,19.6,39.7,49.3,8.7,26.2,33.2,28.3,65.9,42.9,13.4,19.0,70.2,11.2,29.1,40.3,15.5,21.67,19.83,15.1,6.8,2.5,2.33,85.4,-9.3,2020/2021
GKS Tychy,34.0,82.6,22.2,41.0,54.2,7.9,24.0,33.0,30.1,65.0,46.3,14.4,19.5,73.9,12.09,26.18,38.26,17.4,21.18,19.56,16.1,6.82,2.91,2.85,92.0,-15.2,2020/2021
Górnik Trans.eu Wałbrzych,44.0,82.8,22.7,45.2,50.2,7.1,22.4,31.6,29.8,67.6,44.1,16.1,23.8,67.8,13.23,28.86,42.09,17.0,22.52,21.95,12.3,7.77,2.89,3.05,94.7,35.0,2020/2021
Grupa Sierleccy-Czarni Słupsk,42.0,85.2,22.1,41.2,53.6,9.5,24.3,38.8,31.5,65.6,48.1,12.7,17.4,73.0,11.0,28.52,39.52,18.8,19.9,18.57,11.9,8.1,2.57,2.26,103.6,70.4,2020/2021
KS Księżak Łowicz,30.0,85.1,23.0,41.1,56.0,7.6,22.8,33.3,30.6,63.9,47.9,16.3,22.4,72.9,9.53,27.0,36.53,19.4,20.37,21.63,15.9,8.07,1.83,2.8,95.6,-5.6,2020/2021
Miasto Szkła Krosno,33.0,80.5,20.9,39.6,52.9,8.1,23.9,33.9,29.0,63.5,45.7,14.4,20.2,71.0,10.61,25.85,36.45,18.6,23.33,19.94,15.1,8.7,2.03,1.82,90.9,-4.1,2020/2021
Pogoń Prudnik,30.0,79.6,18.8,34.8,54.1,9.3,27.0,34.5,28.1,61.8,45.5,14.0,17.7,79.2,9.3,24.57,33.87,18.2,20.2,20.1,14.6,6.3,1.67,2.7,87.7,-31.5,2020/2021
Rawlplug Sokół Łańcut,40.0,89.6,19.6,35.6,55.0,10.9,29.4,37.1,30.5,65.0,46.9,17.7,23.0,77.1,12.33,25.1,37.43,20.6,19.3,21.63,14.4,8.33,2.6,1.93,104.4,41.5,2020/2021
TBS Śląsk II Wrocław,30.0,82.2,22.8,43.2,52.8,8.0,24.3,32.7,30.8,67.5,45.6,12.7,18.6,68.3,12.07,25.97,38.03,17.7,21.6,20.53,15.0,7.6,2.77,2.73,90.6,2.5,2020/2021
TS Wisła Chemart Kraków,30.0,76.1,17.9,36.4,49.3,9.1,27.0,33.6,27.0,63.4,42.6,13.0,19.6,66.4,10.67,25.5,36.17,17.0,19.77,19.63,15.6,6.37,2.4,2.93,79.4,-45.3,2020/2021
Weegree AZS Politechnika Opolska,34.0,83.4,22.9,41.9,54.5,6.5,21.8,29.9,29.4,63.7,46.1,18.2,24.5,74.3,9.88,26.24,36.12,19.5,22.09,22.62,16.2,7.65,3.68,2.47,93.6,-8.8,2020/2021
WKK Wrocław,40.0,86.4,22.7,43.6,52.1,7.9,23.1,34.3,30.6,66.6,45.9,17.3,24.1,71.7,11.25,29.65,40.9,21.0,19.73,21.83,14.2,7.3,3.65,2.88,102.2,33.0,2020/2021
Zetkama Doral Nysa Kłodzko,30.0,74.3,18.5,38.7,47.7,7.2,22.7,31.6,25.6,61.4,41.7,15.9,22.4,70.7,10.0,23.2,33.2,16.0,20.27,20.83,17.1,7.1,1.13,3.0,72.3,-95.3,2020/2021
Biofarm Basket Poznań,23.0,79.0,20.8,39.3,53.0,7.2,26.4,27.3,28.0,65.7,42.7,15.7,23.0,68.2,12.78,26.65,39.43,17.2,22.22,22.09,13.7,7.35,2.78,1.74,87.2,-7.4,2019/2020
Elektrobud-Investment ZB Pruszków,24.0,77.6,18.1,36.3,49.9,9.0,25.7,34.8,27.1,62.0,43.7,14.5,21.0,68.8,8.58,23.71,32.29,14.9,21.92,20.13,13.6,8.92,2.13,2.08,80.7,-17.3,2019/2020
Energa Kotwica Kołobrzeg,23.0,81.4,21.6,42.4,51.0,7.7,23.0,33.5,29.3,65.4,44.8,15.0,20.8,72.4,12.7,26.61,39.3,14.7,19.26,19.22,14.7,7.61,1.74,3.13,88.1,-23.0,2019/2020
GKS Tychy,24.0,82.6,21.5,38.8,55.3,7.8,23.8,32.9,29.3,62.6,46.8,16.2,21.3,76.1,9.96,25.17,35.13,17.2,23.54,20.33,13.5,6.79,2.08,2.79,91.9,-4.0,2019/2020
Górnik Trans.eu Wałbrzych,23.0,82.0,20.6,41.2,50.0,8.0,24.0,33.5,28.7,65.2,43.9,16.7,24.3,68.5,12.43,27.3,39.74,17.7,23.87,21.35,13.4,8.91,3.3,1.87,94.0,29.1,2019/2020
KS Księżak Łowicz,23.0,89.3,22.2,40.6,54.8,8.3,24.6,33.6,30.5,65.1,46.8,20.0,25.1,79.8,10.87,25.3,36.17,16.1,21.65,22.74,13.9,7.96,1.57,1.91,97.4,-0.4,2019/2020
Miasto Szkła Krosno,23.0,80.0,20.4,38.2,53.5,8.4,24.4,34.3,28.8,62.6,46.0,14.0,19.5,71.9,11.61,27.83,39.43,17.3,21.87,19.65,14.5,6.87,2.35,1.7,92.3,14.5,2019/2020
Pogoń Prudnik,24.0,83.5,17.9,33.7,53.0,10.3,28.2,36.7,28.2,61.9,45.6,16.7,21.0,79.7,9.29,26.58,35.88,20.1,21.92,21.75,13.0,5.88,1.54,2.25,96.0,-3.1,2019/2020
Rawlplug Sokół Łańcut,24.0,86.5,21.7,39.1,55.5,9.1,26.0,35.0,30.8,65.2,47.3,15.7,20.8,75.2,10.79,25.29,36.08,18.8,21.25,20.92,13.0,9.04,1.83,2.33,99.8,23.5,2019/2020
STK Czarni Słupsk,24.0,83.8,19.8,38.6,51.2,10.0,27.8,36.0,29.8,66.4,44.9,14.3,19.8,72.2,12.75,27.5,40.25,20.0,21.0,18.71,11.7,6.04,2.33,1.79,98.7,27.2,2019/2020
Timeout Polonia 1912 Leszno,24.0,82.3,19.1,38.2,50.1,9.8,26.1,37.4,28.9,64.3,44.9,14.8,22.9,64.7,10.21,28.5,38.71,17.0,19.96,22.21,12.6,5.92,1.63,2.0,89.5,-8.1,2019/2020
Weegree AZS Politechnika Opolska,23.0,85.1,20.8,40.4,51.5,7.8,23.5,33.3,28.6,63.8,44.8,20.1,25.3,79.4,10.57,25.13,35.7,18.1,21.22,22.65,13.6,6.52,1.91,2.7,93.3,-23.5,2019/2020
WKK Wrocław,23.0,86.2,22.4,40.2,55.6,8.1,23.9,33.8,30.4,64.1,47.5,17.3,23.1,74.8,9.17,27.78,36.96,19.4,18.65,21.35,12.2,6.87,4.17,2.09,101.9,23.0,2019/2020
Zetkama Doral Nysa Kłodzko,23.0,77.7,20.7,42.5,48.7,7.3,21.3,34.4,28.0,63.7,43.9,14.4,21.2,68.2,11.04,26.35,37.39,17.7,21.91,21.87,13.8,6.35,1.96,2.87,84.8,-31.1,2019/2020
AZS AGH Kraków,34.0,76.2,18.5,38.7,47.9,7.9,25.7,30.7,26.4,64.4,41.1,15.4,23.2,66.1,12.21,25.0,37.21,17.7,23.44,22.18,16.0,8.09,2.24,3.29,79.5,-30.7,2018/2019
Biofarm Basket Poznań,33.0,77.5,20.0,40.2,49.7,7.4,25.2,29.3,27.4,65.4,41.8,15.3,21.7,70.7,12.12,28.24,40.36,16.7,19.76,20.33,13.0,7.67,3.55,2.06,88.4,-5.9,2018/2019
Elektrobud-Investment ZB Pruszków,34.0,71.6,16.1,34.2,47.1,9.0,26.9,33.5,25.1,61.1,41.1,12.3,17.4,70.8,10.12,24.71,34.82,15.3,20.03,18.09,14.1,8.53,2.06,2.0,77.1,-8.1,2018/2019
Enea Astoria Bydgoszcz,41.0,86.0,24.6,44.5,55.2,7.7,21.9,35.2,32.3,66.4,48.6,13.7,21.1,65.0,11.98,29.12,41.1,20.1,20.27,21.2,12.7,7.61,2.46,2.02,103.0,37.3,2018/2019
Energa Kotwica Kołobrzeg,34.0,80.9,20.4,38.7,52.8,8.5,24.3,35.1,28.9,63.0,46.0,14.5,19.6,74.1,9.76,26.91,36.68,16.4,22.35,20.26,14.5,7.06,1.82,2.44,89.3,-3.0,2018/2019
FutureNet Śląsk Wrocław,42.0,89.6,18.8,36.5,51.6,11.8,32.8,35.8,30.6,69.3,44.1,16.7,23.2,71.8,13.98,29.93,43.9,18.4,21.67,21.6,12.0,5.86,2.9,2.71,103.4,46.4,2018/2019
GKS Tychy,34.0,85.4,20.4,37.7,54.2,9.8,26.2,37.6,30.2,63.8,47.4,15.2,19.9,76.1,9.29,25.03,34.32,19.0,23.29,20.88,11.4,6.44,1.15,2.35,96.7,10.4,2018/2019
Górnik Trans.eu Wałbrzych,34.0,75.7,20.0,39.9,50.1,6.8,21.3,31.8,26.8,61.2,43.8,15.4,22.6,68.1,12.68,29.44,42.12,17.1,22.53,21.65,15.0,6.06,3.35,1.88,87.7,-3.2,2018/2019
Jamalex Polonia 1912 Leszno,30.0,80.2,19.4,39.9,48.5,8.6,23.4,36.7,28.0,63.4,44.1,15.7,22.2,70.5,11.63,25.0,36.63,14.7,21.53,21.27,12.0,7.43,1.13,2.87,86.2,8.7,2018/2019
KS Księżak Syntex Łowicz,34.0,78.3,19.9,38.2,52.2,8.0,23.6,34.0,27.9,61.8,45.2,14.4,18.9,76.2,10.09,22.62,32.71,16.3,20.85,20.21,13.7,6.24,1.56,2.38,83.0,-38.6,2018/2019
Pogoń Prudnik,30.0,83.7,20.8,37.8,55.1,8.4,25.1,33.6,29.2,62.8,46.5,16.8,21.1,79.9,8.47,27.17,35.63,17.6,21.83,22.07,13.6,7.1,1.7,1.83,94.3,0.5,2018/2019
Polfarmex Kutno,34.0,78.3,19.1,40.1,47.7,8.5,23.7,35.8,27.6,63.8,43.3,14.7,20.6,71.2,10.71,25.29,36.0,18.1,21.21,19.82,13.5,7.85,3.06,2.88,87.7,-9.7,2018/2019
Rawlplug Sokół Łańcut,41.0,84.6,20.4,39.3,52.0,8.2,22.8,35.8,28.6,62.2,46.0,19.2,28.0,68.8,10.85,26.59,37.44,18.7,17.51,23.54,12.2,7.27,2.27,2.0,95.8,14.5,2018/2019
SKK Siedlce,34.0,80.3,18.9,38.0,49.7,10.2,28.2,36.0,29.1,66.2,43.9,12.0,17.4,69.0,10.09,27.35,37.44,17.7,21.09,19.15,14.3,5.68,2.24,2.44,86.4,-45.4,2018/2019
STK Czarni Słupsk,41.0,82.4,20.2,37.8,53.3,9.7,26.8,36.2,29.9,64.6,46.2,13.0,19.6,66.6,11.9,28.56,40.46,20.5,21.49,18.32,14.0,6.49,2.66,2.17,97.4,18.3,2018/2019
WKK Wrocław,34.0,77.7,17.9,35.6,50.4,9.4,28.0,33.4,27.3,63.6,42.9,13.8,18.9,72.8,8.65,27.09,35.74,17.0,16.56,19.24,12.7,7.85,2.76,2.03,86.9,-15.6,2018/2019
Biofarm Basket Poznań,36.0,78.9,20.6,40.6,50.8,7.6,22.3,33.9,28.2,62.9,44.8,15.0,21.0,71.5,11.86,26.53,38.39,15.9,20.25,20.11,14.4,7.33,3.03,2.0,88.5,6.3,2017/2018
Elektrobud-Investment ZB Pruszków,36.0,77.1,20.0,36.9,54.1,7.4,22.0,33.9,27.4,58.9,46.6,14.8,20.7,71.4,10.56,28.17,38.72,15.9,19.56,20.03,17.0,7.19,3.06,2.17,87.6,7.8,2017/2018
Enea Astoria Bydgoszcz,32.0,81.8,24.9,47.5,52.4,5.5,16.7,33.1,30.4,64.3,47.4,15.4,22.2,69.2,12.03,27.59,39.63,17.4,20.25,21.72,15.9,9.06,2.09,3.25,93.4,18.6,2017/2018
Energa Kotwica Kołobrzeg,36.0,75.1,20.5,39.3,52.1,7.5,22.8,33.0,28.0,62.1,45.1,11.6,17.1,68.0,8.83,26.92,35.75,17.7,19.33,18.53,14.5,7.94,1.36,2.42,83.9,-19.7,2017/2018
GKS Tychy,41.0,89.4,21.1,36.7,57.6,9.8,26.0,37.8,30.9,62.6,49.4,17.8,22.4,79.3,10.24,24.24,34.49,17.8,21.54,21.51,14.0,7.66,1.56,2.32,100.5,14.0,2017/2018
Jamalex Polonia 1912 Leszno,42.0,81.6,21.1,40.6,52.1,8.4,23.7,35.3,29.5,64.3,45.9,14.2,21.0,68.0,11.07,25.76,36.83,17.3,22.0,20.93,11.9,8.38,1.67,2.64,92.4,45.7,2017/2018
KK Warszawa,36.0,69.9,17.9,35.7,50.1,7.2,24.3,29.7,25.1,60.0,41.9,12.4,18.4,67.6,8.19,24.69,32.89,12.7,21.53,19.86,16.1,8.06,1.97,2.5,68.6,-54.9,2017/2018
KSK Noteć Inowrocław,32.0,68.4,17.8,36.4,48.8,6.4,23.8,26.9,24.2,60.2,40.1,13.7,20.6,66.3,10.31,23.19,33.5,15.3,20.38,20.09,15.8,7.97,1.78,2.56,68.1,-77.8,2017/2018
Pogoń Prudnik,36.0,74.7,18.7,36.5,51.3,7.6,23.1,33.0,26.3,59.5,44.2,14.4,20.3,71.0,9.11,26.81,35.92,15.9,19.72,21.17,14.7,6.56,2.36,2.39,81.6,-24.9,2017/2018
Polfarmex Kutno,36.0,73.7,20.0,41.7,47.9,7.4,23.8,31.0,27.4,65.6,41.8,11.6,17.8,65.1,14.11,26.0,40.11,17.3,20.61,18.36,13.9,10.28,2.28,2.61,85.4,26.0,2017/2018
R8 Basket AZS Politechnika Kraków,36.0,83.8,17.9,32.9,54.4,11.4,30.8,37.2,29.4,63.7,46.1,13.6,19.1,71.2,11.14,25.83,36.97,19.6,20.0,19.47,12.9,7.78,1.86,1.86,97.2,30.9,2017/2018
Siarka Tarnobrzeg,36.0,75.6,20.4,41.0,49.8,6.9,22.9,30.1,27.3,63.9,42.8,14.1,20.6,68.3,11.69,25.22,36.92,15.6,20.92,20.22,16.1,7.92,2.86,2.44,79.7,-25.9,2017/2018
SKK Siedlce,36.0,76.1,19.1,37.7,50.7,8.4,26.5,31.9,27.6,64.2,42.9,12.5,18.4,68.1,12.72,27.39,40.11,15.4,21.53,18.64,17.3,7.75,2.53,2.36,82.1,-15.6,2017/2018
Sokół Łańcut,43.0,79.6,19.7,38.0,52.0,8.5,25.4,33.3,28.2,63.4,44.5,14.7,22.0,66.7,10.91,25.07,35.98,16.7,16.74,21.37,12.0,9.44,3.07,1.53,90.3,19.8,2017/2018
Spójnia Stargard,42.0,88.3,23.0,40.0,57.4,9.3,24.6,37.8,32.2,64.6,49.9,14.6,19.5,74.6,11.02,28.36,39.38,19.5,19.57,19.6,14.6,7.9,2.36,1.95,105.6,56.0,2017/2018
WKS Śląsk Wrocław,32.0,78.5,19.6,39.6,49.4,9.0,27.6,32.8,28.6,67.2,42.6,12.3,17.0,72.1,12.81,28.94,41.75,15.5,22.0,19.34,14.7,5.5,3.09,2.16,86.3,-1.6,2017/2018
Zetkama Doral Nysa Kłodzko,36.0,70.0,17.3,35.9,48.1,7.3,24.4,29.7,24.5,60.3,40.6,13.8,19.6,70.0,10.64,25.42,36.06,14.4,21.56,21.0,13.4,6.36,2.08,2.03,73.8,-34.8,2017/2018
ACK UTH Rosa Radom,33.0,70.9,17.8,36.4,48.8,7.2,25.0,28.7,24.9,61.4,40.6,13.9,20.2,68.8,11.58,23.91,35.48,15.8,19.61,19.67,15.9,8.7,1.97,1.76,74.2,-21.2,2016/2017
AZS AGH Kraków,34.0,72.2,18.1,35.9,50.3,7.7,26.3,29.1,25.7,62.2,41.3,13.1,19.9,65.7,11.79,23.71,35.5,16.3,21.44,20.85,16.0,8.5,2.53,2.68,75.7,-21.9,2016/2017
Biofarm Basket Poznań,34.0,68.2,19.9,42.2,47.2,5.7,19.2,29.5,25.6,61.4,41.6,11.4,16.9,67.7,12.88,26.35,39.24,13.4,19.29,18.97,17.1,7.38,3.06,2.79,72.9,-2.5,2016/2017
Enea Astoria Bydgoszcz,33.0,75.8,23.0,43.4,52.9,5.1,18.2,28.1,28.1,61.6,45.6,14.5,21.0,69.1,10.67,25.36,36.03,15.9,22.48,21.67,16.6,6.79,1.7,3.06,79.6,-35.2,2016/2017
GKS Tychy,34.0,78.6,21.5,40.5,53.2,7.4,21.0,35.2,28.9,61.5,47.0,13.4,17.9,74.4,9.53,27.35,36.88,18.1,20.41,18.68,14.9,8.59,2.38,2.09,92.4,24.9,2016/2017
GTK Gliwice,39.0,75.6,21.3,38.9,54.8,7.4,23.5,31.6,28.8,62.4,46.1,10.6,16.9,63.0,9.79,23.87,33.67,17.4,22.54,18.36,13.8,9.44,1.56,1.56,84.0,25.3,2016/2017
Jamalex Polonia 1912 Leszno,33.0,72.9,19.4,42.9,45.2,6.3,20.0,31.3,25.7,63.0,40.8,15.2,22.5,67.8,13.24,26.33,39.58,12.1,22.82,22.33,16.1,9.18,2.06,2.82,75.2,3.3,2016/2017
Kotwica Kołobrzeg,30.0,69.0,17.5,35.2,49.8,7.2,23.7,30.5,24.8,58.9,42.0,12.2,18.3,66.5,8.2,27.37,35.57,16.4,17.47,19.7,15.1,7.33,2.13,1.8,75.0,-20.4,2016/2017
KSK Noteć Inowrocław,34.0,73.4,20.5,40.3,50.9,6.6,23.1,28.6,27.1,63.3,42.8,12.7,19.4,65.5,11.38,25.47,36.85,16.7,19.71,19.94,15.2,8.21,2.18,2.15,79.2,-22.9,2016/2017
Legia Warszawa,40.0,81.5,20.6,36.9,55.7,8.4,24.8,33.9,29.0,61.7,46.9,15.2,20.4,74.3,10.88,26.0,36.88,18.8,18.15,21.08,15.0,8.73,2.58,2.28,95.4,59.4,2016/2017
Max Elektro Sokół Łańcut,38.0,79.2,19.3,37.4,51.6,8.3,25.3,33.0,27.6,62.6,44.1,15.6,20.7,75.3,11.29,27.58,38.87,16.6,19.42,21.18,14.6,8.05,2.18,1.84,90.2,32.0,2016/2017
meritumkredyt Pogoń Prudnik,33.0,76.4,19.6,37.5,52.3,8.2,23.9,34.2,27.8,61.3,45.3,12.7,15.9,79.8,8.91,24.94,33.85,16.3,18.67,18.91,14.4,7.06,2.64,1.48,85.1,-2.1,2016/2017
MKS Znicz Basket Pruszków,30.0,74.5,19.7,36.9,53.3,6.9,23.4,29.6,26.6,60.4,44.1,14.3,20.1,71.2,11.97,25.63,37.6,15.2,19.43,20.83,16.4,7.5,2.37,2.7,81.2,1.3,2016/2017
SKK Siedlce,34.0,73.4,18.2,35.9,50.6,8.1,24.7,32.7,26.3,60.7,43.3,12.8,17.8,71.7,8.68,25.32,34.0,15.2,21.03,18.56,16.6,7.32,1.97,2.12,75.9,-22.4,2016/2017
Spójnia Stargard,39.0,78.9,22.3,42.2,52.8,7.5,21.9,34.0,29.7,64.1,46.4,12.0,16.1,74.7,10.46,25.92,36.38,16.0,18.87,18.26,15.4,7.44,2.44,1.79,87.3,5.8,2016/2017
Zetkama Doral Nysa Kłodzko,34.0,71.1,20.0,40.5,49.4,6.9,21.4,32.3,26.9,61.9,43.5,10.4,14.7,70.9,9.68,24.71,34.38,17.1,21.62,18.74,14.6,6.56,2.71,2.03,78.0,-26.0,2016/2017
ACK UTH Rosa Radom,35.0,71.7,18.9,38.2,49.4,7.4,24.5,30.1,26.3,62.7,41.9,11.8,17.8,66.2,12.06,23.31,35.37,13.8,20.34,20.0,14.7,8.37,1.94,2.8,74.1,-15.3,2015/2016
Astoria Bydgoszcz,33.0,74.9,21.1,43.6,48.5,6.6,20.0,33.1,27.8,63.6,43.7,12.7,19.2,66.0,11.42,24.91,36.33,17.0,22.15,21.27,15.3,8.88,2.12,2.7,81.5,-14.9,2015/2016
AZS AWF Mickiewicz Romus Katowice,35.0,71.1,19.6,40.9,48.0,7.4,22.6,32.6,27.0,63.5,42.5,9.7,15.5,62.6,10.26,23.46,33.71,15.3,22.06,19.23,15.0,8.94,1.86,3.66,73.6,-40.3,2015/2016
Biofarm Basket Poznań,35.0,63.8,18.1,40.4,44.9,5.4,20.4,26.5,23.5,60.8,38.7,11.3,18.2,62.2,12.34,24.11,36.46,11.1,20.17,20.37,16.0,8.54,2.74,3.69,62.6,-24.6,2015/2016
Exact Systems Śląsk Wrocław,35.0,66.1,17.3,37.2,46.5,6.3,21.8,29.0,23.6,59.0,40.0,12.5,17.7,70.5,10.23,24.86,35.09,12.1,22.71,21.14,17.0,7.74,2.49,3.03,65.9,-26.3,2015/2016
GKS Tychy,39.0,78.2,20.3,39.7,51.1,8.1,23.0,35.2,28.4,62.7,45.3,13.4,18.5,72.3,11.08,24.69,35.77,16.7,22.72,21.26,14.6,10.23,3.05,2.46,89.9,15.9,2015/2016
GTK Gliwice,35.0,68.1,17.2,36.8,46.7,7.0,22.0,31.6,24.1,58.8,41.1,12.9,18.1,71.1,10.29,25.51,35.8,14.3,22.2,20.8,17.0,6.94,2.6,2.2,70.7,-28.9,2015/2016
KS Spójnia Stargard,30.0,71.7,19.1,37.1,51.3,7.2,23.7,30.6,26.3,60.8,43.3,11.9,15.1,78.8,10.1,25.53,35.63,13.3,20.67,19.03,16.4,6.97,2.87,2.2,76.4,-28.0,2015/2016
KSK Noteć Inowrocław,35.0,71.0,18.9,41.3,45.9,6.5,21.3,30.4,25.4,62.6,40.6,13.7,20.3,67.1,12.54,27.46,40.0,15.4,20.86,21.57,17.5,8.11,2.91,2.71,76.1,-27.1,2015/2016
Legia Warszawa,42.0,80.3,19.4,37.4,52.0,8.5,24.1,35.3,28.0,61.5,45.5,15.8,21.6,73.2,11.38,27.02,38.4,17.4,20.57,22.38,15.3,8.19,2.48,2.64,92.1,43.2,2015/2016
Max Elektro Sokół Łańcut,40.0,75.1,20.5,41.7,49.2,7.0,21.8,32.1,27.5,63.5,43.3,13.1,17.5,74.5,12.7,26.53,39.23,14.9,21.05,20.73,13.7,9.58,3.18,1.9,87.8,51.1,2015/2016
meritumkredyt Pogoń Prudnik,34.0,70.4,17.6,36.5,48.2,6.9,20.7,33.4,24.5,57.2,42.8,14.5,18.7,77.2,9.59,24.79,34.38,14.3,20.15,20.59,15.5,7.71,2.24,2.32,76.6,3.2,2015/2016
Miasto Szkła Krosno,41.0,87.3,20.8,37.3,55.9,10.3,27.0,38.2,31.1,64.2,48.5,14.7,19.2,76.6,10.39,28.29,38.68,20.0,19.02,21.51,13.1,8.37,3.56,1.83,107.2,108.1,2015/2016
MKS Znicz Basket Pruszków,34.0,72.6,19.7,40.3,48.7,6.5,20.3,31.8,26.1,60.7,43.1,13.9,20.9,66.6,13.32,26.29,39.62,14.4,19.5,21.71,17.5,8.26,3.12,2.85,79.0,2.4,2015/2016
SKK Siedlce,30.0,74.0,18.4,36.4,50.5,8.6,23.7,36.3,27.0,60.0,44.9,11.5,16.9,68.0,9.07,27.4,36.47,15.6,21.0,19.67,16.6,6.9,2.07,1.97,79.9,-16.2,2015/2016
Zetkama Doral Nysa Kłodzko,33.0,65.1,18.6,41.8,44.3,5.4,18.4,29.3,23.9,60.2,39.8,11.9,17.3,68.6,13.15,23.94,37.09,19.4,22.03,20.15,17.2,7.85,1.91,2.24,72.4,-48.5,2015/2016
ACK UTH Rosa Radom,29.0,74.9,19.6,38.2,51.3,7.5,25.0,29.8,27.0,63.2,42.8,13.4,17.6,76.2,10.21,23.69,33.9,14.1,21.48,18.97,14.0,9.31,1.52,2.34,79.7,-7.4,2014/2015
Astoria Bydgoszcz,29.0,68.5,20.3,43.8,46.3,5.8,20.2,28.8,26.1,64.0,40.8,10.5,16.3,64.1,11.72,23.9,35.62,13.9,21.38,19.86,17.1,9.14,1.93,2.83,68.1,-43.1,2014/2015
AZS Politechnika Poznań,33.0,63.2,18.1,41.9,43.1,6.3,19.9,31.7,24.4,61.8,39.4,8.2,14.3,57.3,11.82,23.55,35.36,12.9,20.03,17.7,16.9,9.15,2.0,2.3,62.2,-76.4,2014/2015
BASKET ZAGŁĘBIE S.A.,29.0,75.6,22.5,45.3,49.6,6.4,18.0,35.4,28.8,63.3,45.6,11.6,18.1,64.1,11.97,24.83,36.79,16.8,18.86,19.38,14.3,8.41,2.76,2.1,85.1,-2.9,2014/2015
GKS Tychy,26.0,69.7,18.2,38.0,47.9,7.4,22.2,33.5,25.6,60.1,42.6,11.1,16.7,66.2,9.88,24.46,34.35,12.8,22.31,19.19,15.8,8.85,2.0,2.0,71.8,-10.2,2014/2015
GTK Fluor Gliwice,26.0,69.7,19.8,43.9,45.0,5.7,17.5,32.7,25.5,61.4,41.5,13.0,18.8,69.1,11.12,26.04,37.15,13.7,20.92,21.12,14.1,7.65,1.65,2.0,74.1,-17.3,2014/2015
Intermarche Bricomarche BM SlamStal Ostrów,38.0,80.1,20.0,39.7,50.3,8.4,23.0,36.5,28.3,62.7,45.2,15.0,21.0,71.7,11.34,27.26,38.61,14.1,19.03,22.32,12.4,8.18,1.68,1.74,90.1,48.8,2014/2015
KKK Krosno,36.0,81.4,19.9,36.4,54.8,9.8,26.3,37.2,29.7,62.7,47.4,12.2,16.6,73.8,10.58,27.47,38.06,19.3,19.28,18.97,14.4,7.42,2.92,2.08,97.5,58.9,2014/2015
KS Pogoń Prudnik,28.0,69.5,17.6,36.0,48.9,6.7,22.6,29.7,24.3,58.6,41.5,14.1,19.6,71.9,9.68,24.46,34.14,14.2,20.64,20.71,15.5,8.14,1.64,1.32,72.3,-23.9,2014/2015
KS Spójnia Stargard Szczeciński,30.0,70.0,18.3,36.2,50.5,7.3,23.6,31.0,25.6,59.8,42.8,11.5,15.6,73.9,10.4,25.63,36.03,14.3,20.87,19.73,15.1,8.03,2.03,2.1,77.1,7.0,2014/2015
Legia Warszawa,37.0,76.5,19.1,36.5,52.3,8.4,26.2,32.0,27.5,62.8,43.8,13.1,20.4,64.4,13.27,28.38,41.65,15.8,20.95,21.65,16.1,7.38,2.7,2.68,85.3,33.2,2014/2015
MKS Znicz Basket Pruszków,29.0,73.7,19.2,38.2,50.2,7.2,22.5,32.2,26.4,60.7,43.5,13.6,19.5,70.0,10.72,25.97,36.69,14.8,18.79,21.48,16.5,9.0,2.69,2.72,80.3,-4.5,2014/2015
PTG Sokół Łańcut,38.0,77.8,19.8,40.0,49.5,8.3,25.1,33.1,28.1,65.1,43.2,13.2,18.6,71.3,13.26,27.71,40.97,16.2,20.79,20.63,14.5,8.66,3.84,1.66,90.7,39.5,2014/2015
SKK Siedlce,34.0,68.9,16.9,36.5,46.3,8.2,24.5,33.6,25.1,61.0,41.2,10.4,15.9,65.5,12.21,28.0,40.21,13.8,20.21,19.47,18.2,5.56,1.91,2.0,71.1,-39.3,2014/2015
MKS Dąbrowa Górnicza II,30.0,79.2,18.6,36.8,50.6,8.1,25.1,32.4,26.8,61.9,43.3,17.6,24.3,72.2,11.73,26.1,37.83,14.9,20.4,22.8,15.3,7.1,3.77,2.37,85.7,14.0,2013/2014
AZS Politechnika Poznań,28.0,65.7,19.9,45.9,43.3,5.6,18.0,31.2,25.5,63.8,39.9,9.2,13.9,65.9,12.82,23.29,36.11,13.3,21.25,17.11,16.6,8.25,2.43,2.89,66.1,-59.8,2013/2014
Astoria Bydgoszcz,26.0,70.5,19.6,40.0,49.0,5.8,18.9,30.6,25.4,58.9,43.1,14.0,20.8,67.3,11.46,23.0,34.46,13.3,21.69,21.27,16.2,7.12,1.65,3.65,70.6,-36.2,2013/2014
Intermarche Bricomarche BM SlamStal Ostrów,26.0,73.7,20.8,40.4,51.5,5.8,20.2,28.8,26.6,60.5,44.0,14.6,19.5,75.1,9.96,24.85,34.81,12.2,19.73,21.23,12.7,7.77,1.65,1.85,78.6,6.9,2013/2014
King Wilki Morskie Szczecin,30.0,77.8,20.1,38.2,52.5,7.6,22.5,33.7,27.7,60.7,45.6,14.9,19.6,76.0,10.3,26.97,37.27,15.2,20.97,21.57,16.9,6.97,3.07,1.83,85.7,8.0,2013/2014
KS Spójnia Stargard Szczeciński,28.0,60.3,16.4,37.9,43.3,5.8,20.2,28.6,22.2,58.1,38.2,10.1,14.9,68.3,9.96,23.5,33.46,11.9,20.64,19.21,16.0,7.32,2.96,3.0,59.3,-52.9,2013/2014
MCKiS Termo-Rex SA Jaworzno,32.0,65.9,18.0,38.2,47.2,6.8,21.1,32.1,24.8,59.3,41.8,9.5,14.2,66.7,9.78,22.94,32.72,11.9,20.63,18.16,16.9,8.97,1.69,2.34,65.0,-56.3,2013/2014
MKS Wikana Start S.A. Lublin,36.0,71.9,18.3,39.6,46.3,6.8,20.7,32.6,25.1,60.3,41.6,14.9,22.7,65.9,9.61,27.58,37.19,13.9,19.58,22.31,13.9,6.81,2.42,2.89,75.4,5.9,2013/2014
MKS Znicz Basket Pruszków,32.0,65.2,16.6,36.8,45.1,6.3,22.3,28.1,22.9,59.1,38.7,13.2,20.0,65.8,12.13,26.53,38.66,12.9,19.28,21.0,17.8,7.34,2.91,2.81,66.2,-33.8,2013/2014
MOSiR PBS Bank KHS Krosno,36.0,76.3,20.4,38.4,53.2,7.4,24.5,30.0,27.8,62.9,44.2,13.4,17.7,75.4,10.17,26.5,36.67,16.5,20.17,19.22,12.8,8.5,2.81,2.58,88.6,46.4,2013/2014
Polfarmex Kutno,37.0,78.2,20.2,38.8,52.0,8.5,24.6,34.6,28.7,63.4,45.3,12.3,18.0,68.2,11.57,24.19,35.76,17.1,22.95,19.46,13.1,11.76,2.27,1.92,91.5,49.7,2013/2014
Polski Cukier SIDEn Toruń,29.0,74.2,20.1,39.8,50.5,7.1,19.9,35.5,27.1,59.7,45.5,12.9,20.0,64.6,11.28,27.52,38.79,18.7,19.21,21.41,15.8,7.21,3.14,2.07,86.6,40.7,2013/2014
PTG Sokół Łańcut,30.0,73.2,18.9,36.8,51.4,7.2,22.7,31.7,26.1,59.5,43.9,13.8,17.8,77.5,9.97,26.33,36.3,15.3,19.67,20.2,14.1,7.53,3.47,1.87,84.3,17.8,2013/2014
WKK ProBiotics Wrocław,38.0,75.4,19.6,44.9,43.8,7.6,21.8,34.9,27.2,66.7,40.9,13.3,18.7,71.0,14.71,25.29,40.0,13.9,22.89,21.0,15.4,8.58,2.5,3.58,80.1,18.3,2013/2014
MKS Dąbrowa Górnicza II,35.0,79.0,22.0,42.0,52.4,6.8,21.7,31.4,28.9,63.8,45.3,14.4,22.1,65.2,11.31,26.49,37.8,14.9,20.94,22.4,14.0,6.77,2.77,1.43,84.6,13.9,2012/2013
AZS Politechnika Poznań,34.0,69.2,22.4,49.9,44.8,4.9,18.1,27.0,27.2,68.0,40.1,9.8,15.4,63.6,14.62,24.94,39.56,15.4,23.38,17.82,16.8,9.62,3.15,2.47,73.7,-33.2,2012/2013
AZS Radex Szczecin,30.0,74.3,21.4,42.4,50.5,6.0,18.0,33.2,27.4,60.4,45.3,13.6,17.9,75.9,10.53,25.03,35.57,15.2,22.13,19.77,13.9,7.07,2.4,1.5,83.3,-0.2,2012/2013
AZS WSGK POLFARMEX Kutno,39.0,75.6,19.2,38.2,50.3,8.3,24.1,34.5,27.5,62.3,44.2,12.2,18.1,67.3,11.03,25.36,36.38,15.1,21.51,19.15,12.5,8.36,2.49,1.72,84.7,26.2,2012/2013
BM SLAM STAL Ostrów Wielkopolski,30.0,77.5,21.8,43.7,49.9,6.3,20.0,31.5,28.1,63.7,44.1,15.0,21.2,70.8,12.57,25.23,37.8,14.3,21.23,21.67,14.5,8.0,2.07,2.1,83.4,12.0,2012/2013
BUDIMPEX-POLONIA Przemyśl,33.0,70.6,18.9,38.8,48.7,6.1,18.5,33.2,25.0,57.3,43.7,14.4,18.6,77.4,7.97,25.94,33.91,13.5,18.58,19.97,14.3,6.85,3.39,1.91,77.5,-9.2,2012/2013
Franz Astoria Bydgoszcz,34.0,77.5,23.9,46.4,51.5,4.6,15.3,30.1,28.5,61.7,46.2,15.9,25.4,62.5,10.74,24.88,35.62,15.7,22.12,23.06,16.1,8.38,2.32,2.56,80.7,-17.1,2012/2013
KS Spójnia Stargard Szczeciński,33.0,68.1,18.2,38.3,47.5,6.5,21.2,30.8,24.7,59.5,41.5,12.1,17.4,69.4,9.85,25.12,34.97,14.2,20.0,20.06,13.8,7.48,1.76,2.58,72.5,-1.8,2012/2013
MKS Znicz Basket Pruszków,34.0,69.1,19.4,39.4,49.1,5.7,18.9,30.1,25.1,58.4,42.9,13.3,19.0,70.1,9.06,27.97,37.03,13.2,21.03,20.79,15.6,7.29,3.03,2.38,75.2,2.2,2012/2013
NETO PTG Sokół Łańcut,33.0,73.5,16.4,35.3,46.3,8.7,24.1,36.2,25.1,59.4,42.2,14.6,21.1,69.2,11.3,24.39,35.7,14.1,21.91,22.52,16.2,7.67,2.73,2.15,76.7,-0.9,2012/2013
PBS BANK EFIR ENERGY MOSiR Krosno,43.0,75.3,19.4,37.7,51.6,7.2,20.1,35.9,26.7,57.8,46.1,14.8,21.2,69.7,8.44,25.23,33.67,15.0,22.16,20.79,14.3,7.91,1.79,2.05,81.8,8.4,2012/2013
Polski Cukier SIDEn Toruń,40.0,72.1,20.8,40.9,50.8,5.5,18.5,29.9,26.3,59.4,44.3,14.0,20.6,68.0,10.53,27.53,38.05,15.3,20.28,21.7,15.7,6.53,3.43,2.3,80.1,1.6,2012/2013
Siedlecki Klub Koszykówki Siedlce,33.0,64.0,18.8,41.5,45.3,5.1,18.3,27.6,23.9,59.8,39.9,11.2,17.3,65.0,11.45,25.76,37.21,11.9,20.7,19.03,15.6,6.3,1.52,1.91,63.3,-42.6,2012/2013
UMKS Kielce,34.0,66.2,19.0,39.6,48.0,5.6,18.6,30.2,24.6,58.2,42.3,11.4,17.2,66.6,8.03,23.0,31.03,13.2,19.91,18.82,16.0,6.71,1.97,1.38,63.9,-55.7,2012/2013
WIKANA START SA Lublin,33.0,75.7,20.1,41.0,49.1,6.8,21.7,31.1,26.9,62.7,42.9,15.2,21.1,71.9,11.85,24.06,35.91,14.8,19.91,20.88,13.3,7.64,1.09,2.27,80.1,-6.2,2012/2013
WKS Śląsk Wrocław,42.0,81.6,21.5,43.7,49.1,7.1,20.1,35.5,28.6,63.9,44.8,17.2,23.5,73.3,12.6,27.14,39.74,13.9,20.71,23.02,12.6,10.74,2.36,1.55,94.2,77.4,2012/2013
AZS Radex Szczecin,32.0,73.3,21.0,40.1,52.4,5.4,18.3,29.7,26.5,58.4,45.3,14.9,20.0,74.7,10.59,23.78,34.38,13.9,21.69,21.13,13.5,6.38,1.88,,79.4,-10.4,2011/2012
AZS WSGK POLFARMEX Kutno,31.0,69.7,19.6,37.2,52.6,5.9,19.9,29.7,25.5,57.1,44.6,12.9,19.1,67.6,9.42,22.0,31.42,13.7,21.03,20.48,12.3,7.42,1.97,,74.0,-1.6,2011/2012
Delikatesy Centrum PBS Bank MOSiR Krosno,32.0,67.3,17.6,35.6,49.5,6.4,21.0,30.6,24.0,56.6,42.5,12.8,18.8,68.2,7.0,22.13,29.13,11.0,21.97,20.25,13.0,7.44,1.75,,65.1,-14.4,2011/2012
Focus Mall Sudety Jelenia Góra,32.0,63.7,18.3,39.7,46.0,5.6,18.1,30.7,23.8,57.8,41.2,10.5,14.6,71.9,8.72,21.56,30.28,12.3,20.66,18.97,15.4,6.91,1.38,,61.0,-53.4,2011/2012
KS Spójnia Stargard Szczeciński,33.0,69.7,17.0,35.7,47.7,7.2,21.1,34.4,24.2,56.7,42.7,14.0,19.1,73.1,9.55,24.67,34.21,14.2,20.67,20.61,14.5,7.03,2.48,,75.5,1.7,2011/2012
MKS Budimpex Polonia Przemyśl,31.0,75.7,20.6,38.8,53.0,6.8,22.0,30.9,27.4,60.8,45.0,14.1,17.8,79.2,10.52,23.77,34.29,15.8,19.87,19.61,14.5,7.13,1.97,,83.2,7.6,2011/2012
MKS Dąbrowa Górnicza,38.0,80.1,18.5,35.8,51.8,9.0,26.1,34.4,27.5,61.9,44.5,16.1,24.4,66.0,9.89,25.68,35.58,15.5,21.34,23.34,12.8,7.34,3.16,,86.3,26.5,2011/2012
MKS Start Lublin,32.0,67.8,17.5,38.6,45.4,6.4,19.4,33.0,23.9,58.0,41.2,13.6,20.3,67.0,7.91,25.5,33.41,11.1,19.94,20.72,14.6,5.94,0.94,,63.8,-16.7,2011/2012
MKS Znicz Basket Pruszków,39.0,73.1,18.1,36.6,49.5,7.3,22.3,32.5,25.4,58.9,43.1,15.1,21.9,68.8,9.85,26.64,36.49,13.6,23.08,22.08,16.8,7.31,2.72,,76.1,4.9,2011/2012
NETO PTG Sokół Łańcut,32.0,69.9,18.0,37.6,48.0,6.2,21.3,29.1,24.2,58.8,41.2,15.3,21.4,71.3,12.31,24.53,36.84,11.2,20.63,23.16,15.7,9.38,3.22,,74.1,-5.2,2011/2012
POLOmarket Sportino Inowrocław,31.0,67.9,16.4,33.9,48.4,7.9,24.3,32.6,24.3,58.2,41.8,11.3,17.6,64.4,9.52,22.06,31.58,13.5,21.68,19.81,14.6,6.77,1.55,,66.5,-22.3,2011/2012
Polski Cukier SIDEn Toruń,28.0,75.1,18.7,35.8,52.2,6.0,18.7,31.9,24.6,54.5,45.2,19.8,26.0,76.2,8.07,25.0,33.07,13.8,22.5,24.75,15.5,6.14,2.29,,78.9,-9.6,2011/2012
Rosa Radom,41.0,73.4,21.0,44.0,47.8,6.0,19.1,31.6,27.0,63.0,42.9,13.4,19.3,69.3,11.15,26.22,37.37,12.6,22.27,20.66,14.2,7.24,2.39,,77.0,16.9,2011/2012
Siedlecki Klub Koszykówki Siedlce,31.0,70.1,20.7,43.7,47.4,4.7,14.5,32.6,25.4,58.2,43.7,14.6,21.5,67.8,12.29,29.1,41.39,13.9,20.74,21.45,15.5,5.68,3.65,,79.7,5.5,2011/2012
Start Gdynia,39.0,81.3,23.1,42.6,54.3,6.6,20.3,32.3,29.7,62.9,47.2,15.4,20.6,74.6,10.77,25.72,36.49,14.2,21.77,20.38,13.8,7.69,3.1,,90.4,47.7,2011/2012
Asseco Prokom 2 Gdynia,33.0,77.5,22.2,42.6,52.1,6.3,19.7,31.8,28.5,62.3,45.7,14.3,19.5,73.4,9.45,24.36,33.82,14.1,19.94,20.3,13.9,9.58,2.48,2.7,84.6,,2010/2011
AZS Politechnika Warszawska,36.0,77.3,20.3,38.9,52.2,7.6,22.8,33.2,27.9,61.7,45.2,14.1,21.0,67.0,9.69,24.31,34.0,16.7,20.44,20.56,14.9,10.47,2.89,1.69,85.8,,2010/2011
AZS Radex Szczecin,35.0,75.5,22.1,42.2,52.4,5.9,18.6,31.8,28.0,60.8,46.1,13.6,18.3,74.2,9.14,23.46,32.6,14.9,21.51,19.6,15.1,10.34,2.57,2.69,83.5,,2010/2011
GKS Tychy,33.0,70.4,21.1,42.0,50.2,4.9,16.3,30.2,26.0,58.3,44.6,13.5,19.5,69.1,7.39,23.15,30.55,12.8,18.58,19.12,12.6,10.3,3.06,2.27,76.1,,2010/2011
KPSW Astoria Bydgoszcz,34.0,69.4,20.4,42.8,47.7,5.5,19.9,27.6,25.9,62.8,41.3,12.0,21.1,57.0,11.35,21.32,32.68,11.2,23.53,21.68,14.8,8.88,1.88,3.03,63.3,,2010/2011
KS Spójnia Stargard Szczeciński,32.0,67.9,16.9,37.9,44.6,7.3,22.9,31.7,24.1,60.8,39.7,12.4,18.9,65.9,11.13,23.16,34.28,14.0,21.69,20.44,15.3,10.81,2.72,2.66,71.4,,2010/2011
ŁKS Sphinx Łódź,39.0,74.3,18.9,37.4,50.5,7.5,23.4,32.2,26.4,60.8,43.5,13.9,21.0,66.2,9.95,23.92,33.87,15.5,21.74,21.21,13.5,9.77,1.54,1.97,80.1,,2010/2011
MKS Dąbrowa Górnicza,40.0,73.5,20.7,39.6,52.2,6.2,20.1,30.8,26.9,59.7,45.0,13.6,20.4,66.5,9.13,24.2,33.33,15.9,21.65,21.6,13.9,7.93,3.3,2.35,80.3,,2010/2011
MKS Start Lublin,35.0,67.4,16.9,36.9,45.6,6.0,19.9,30.2,22.9,56.8,40.2,15.7,21.7,72.3,7.6,23.51,31.11,11.9,19.51,20.29,14.7,7.94,2.11,2.57,65.8,,2010/2011
MKS Znicz Basket Pruszków,29.0,72.7,20.7,41.6,49.7,5.7,18.6,30.9,26.4,60.1,43.9,14.2,20.5,69.2,9.0,22.62,31.62,15.1,21.55,21.52,15.6,10.83,2.93,2.93,77.5,,2010/2011
Polonia 2011 Warszawa,35.0,69.5,17.7,39.1,45.3,6.8,21.4,31.8,24.5,60.5,40.5,13.7,19.2,71.0,7.49,20.06,27.54,12.1,21.11,19.03,17.5,11.11,2.26,3.17,63.5,,2010/2011
PTG Sokół Łańcut,38.0,71.8,17.5,35.3,49.5,6.4,23.1,27.7,23.9,58.4,40.9,17.7,24.4,72.6,10.95,22.29,33.24,11.8,20.89,23.34,13.4,12.29,2.29,2.37,76.8,,2010/2011
Rosa Radom,31.0,71.7,20.2,40.2,50.3,5.3,17.2,31.0,25.6,57.4,44.5,15.3,21.2,72.1,9.1,26.06,35.16,12.5,19.77,20.26,14.6,8.39,2.45,1.71,77.8,,2010/2011
SKK Siedlce,35.0,67.4,17.6,37.2,47.3,7.2,22.9,31.5,24.8,60.2,41.3,10.5,17.1,61.5,10.83,24.43,35.26,15.6,20.63,18.74,16.7,8.91,2.77,2.11,71.3,,2010/2011
Sportino Inowrocław,33.0,73.5,19.0,38.1,49.8,7.1,22.2,31.9,26.1,60.3,43.2,14.3,21.4,66.8,10.55,23.64,34.18,12.8,21.12,21.18,13.8,10.58,2.85,2.64,78.7,,2010/2011
Victoria Górnik Wałbrzych,26.0,66.5,18.7,40.9,45.7,5.5,20.7,26.6,24.2,61.5,39.3,12.6,17.8,70.8,9.12,22.73,31.85,13.0,20.38,19.38,15.5,13.38,2.58,3.23,69.3,,2010/2011
KS AZS AWF Katowice,32.0,71.9,18.4,36.2,50.7,7.1,21.1,33.4,25.4,57.3,44.4,13.9,21.3,65.4,6.75,19.91,26.66,13.0,20.63,21.13,15.3,9.63,2.63,2.56,69.1,,2009/2010
GKS Tychy,33.0,77.9,22.2,41.6,53.3,7.2,21.2,34.0,29.4,62.8,46.7,11.9,17.9,66.7,9.42,23.21,32.64,15.1,21.12,19.06,14.8,9.97,2.7,2.58,84.0,,2009/2010
KS Sudety Jelenia Góra,32.0,66.6,17.6,38.9,45.2,6.5,19.9,32.6,24.1,58.9,40.9,11.9,17.3,69.0,8.78,21.44,30.22,11.0,20.16,19.78,13.3,7.88,1.84,2.72,64.1,,2009/2010
Żubry Białystok,33.0,74.1,16.9,36.6,46.1,8.4,25.2,33.5,25.3,61.8,41.0,15.0,22.4,67.1,9.48,22.73,32.21,14.2,20.67,20.85,16.7,8.58,3.91,2.85,72.3,,2009/2010
AZS Politechnika Warszawska,33.0,77.2,17.9,36.0,49.8,9.2,26.4,34.8,27.1,62.4,43.5,13.8,20.6,67.1,9.82,23.76,33.58,14.7,22.88,20.24,18.4,9.73,1.79,2.7,76.6,,2009/2010
Asseco Prokom 2 Gdynia,30.0,82.2,24.1,46.0,52.5,5.1,17.3,29.6,29.3,63.3,46.2,18.5,25.2,73.4,9.9,26.57,36.47,13.5,19.7,21.87,15.2,8.63,3.47,2.47,88.3,,2009/2010
PTG Sokół Łańcut,33.0,73.5,16.7,32.4,51.5,7.6,24.0,31.4,24.2,56.4,43.0,17.4,24.5,71.2,8.64,22.73,31.36,12.4,21.12,23.91,16.0,11.06,1.36,2.94,74.4,,2009/2010
Znicz Basket Pruszków,32.0,73.0,20.2,39.3,51.5,6.3,19.8,31.8,26.5,59.0,44.9,13.7,19.2,71.3,9.03,21.81,30.84,13.6,22.97,20.97,16.8,10.28,2.75,1.81,75.6,,2009/2010
Miasto Szkła Krosno,33.0,69.7,18.3,37.4,49.1,7.2,21.1,33.9,25.5,58.5,43.6,11.6,17.3,67.1,8.73,22.61,31.33,13.0,21.85,18.52,14.0,8.06,2.27,2.27,71.7,,2009/2010
ŁKS Łódź,37.0,75.3,19.3,40.8,47.3,7.1,21.1,33.6,26.4,61.9,42.6,15.5,23.3,66.4,10.22,23.32,33.54,14.5,20.59,21.95,14.1,10.57,1.16,3.43,77.7,,2009/2010
Intermarche Zastal Zielona Góra,37.0,76.0,19.1,37.5,51.0,7.4,23.7,31.2,26.5,61.2,43.3,15.7,22.5,69.4,9.38,25.46,34.84,12.1,20.68,20.95,13.3,11.92,3.49,2.46,83.5,,2009/2010
MKS Dąbrowa Górnicza,37.0,76.6,21.2,38.5,55.0,7.1,22.3,31.7,28.2,60.8,46.4,13.1,19.9,65.7,10.08,25.03,35.11,15.9,20.22,20.05,14.8,9.14,3.49,1.97,86.1,,2009/2010
MKS Start Lublin,33.0,72.6,20.2,41.2,49.0,5.7,19.0,30.1,25.9,60.2,43.0,15.1,20.9,72.3,9.3,25.42,34.73,13.1,19.82,21.0,15.4,9.61,2.03,2.97,76.6,,2009/2010
Siarka Tarnobrzeg,36.0,75.4,18.9,38.0,49.7,7.7,22.3,34.4,26.6,60.3,44.0,14.6,20.9,69.9,10.81,24.19,35.0,14.2,20.78,21.75,14.1,10.39,3.19,2.08,84.0,,2009/2010
Spójnia Stargard Szcz.,32.0,75.5,20.9,40.6,51.6,6.8,20.9,32.4,27.7,61.5,45.1,13.3,19.5,67.9,10.19,23.63,33.81,15.6,21.31,19.13,16.0,11.38,2.31,3.13,82.5,,2009/2010
Victoria Górnik Wałbrzych,33.0,73.9,19.3,38.6,49.9,7.8,24.5,31.7,27.0,63.1,42.8,12.1,18.2,66.5,8.61,22.33,30.94,10.9,20.21,19.85,12.7,10.61,2.88,2.12,74.4,,2009/2010
GKS Tychy,40.0,78.0,22.9,40.8,56.0,6.3,19.9,31.7,29.2,60.7,48.0,13.4,18.8,71.5,9.53,22.4,31.93,14.8,19.6,18.68,13.5,9.55,3.25,1.33,87.1,,2008/2009
Asseco Prokom 2 Gdynia,33.0,72.4,17.5,35.3,49.5,8.0,26.0,30.8,25.5,61.3,41.6,13.4,20.5,65.4,10.58,22.27,32.85,10.6,19.85,19.3,18.4,9.45,2.76,2.03,66.8,,2008/2009
PTG Sokół Łańcut,30.0,65.9,17.9,35.8,50.0,5.6,20.0,28.2,23.5,55.8,42.1,13.2,18.4,71.4,8.67,23.73,32.4,12.4,18.23,20.23,16.6,8.73,3.27,2.5,68.6,,2008/2009
Resovia Rzeszów,32.0,61.1,16.2,36.0,44.9,5.4,20.3,26.6,21.6,56.3,38.3,12.6,20.3,61.9,8.91,17.28,26.19,11.3,20.09,20.63,15.2,11.13,1.91,1.78,54.0,,2008/2009
AZS PWSZ Kalisz,34.0,64.4,16.5,35.1,47.0,6.9,21.9,31.3,23.4,57.0,40.9,10.9,15.6,69.7,6.44,20.79,27.24,11.4,19.85,18.53,12.6,9.38,2.03,2.29,63.5,,2008/2009
Żubry Białystok,33.0,73.1,18.2,36.2,50.4,7.0,23.0,30.3,25.2,59.2,42.6,15.7,22.6,69.5,9.58,21.21,30.79,12.0,19.88,21.18,15.4,9.15,3.97,2.67,72.8,,2008/2009
ŁKS Łódź,35.0,78.5,21.8,41.5,52.4,6.1,18.1,34.0,27.9,59.6,46.9,16.5,23.2,71.2,9.8,25.14,34.94,14.0,22.66,20.54,14.6,8.26,1.51,2.91,84.2,,2008/2009
KS AZS AWF Katowice,34.0,69.1,17.2,36.1,47.5,7.7,23.7,32.7,24.9,59.8,41.6,11.6,17.6,65.6,8.97,17.21,26.18,11.2,19.47,18.29,13.1,10.03,2.26,2.71,64.7,,2008/2009
Znicz Basket Pruszków,35.0,74.4,20.0,38.8,51.6,6.4,19.9,32.2,26.5,58.7,45.0,15.1,20.8,72.6,8.91,21.37,30.29,11.5,23.34,21.11,15.5,8.94,2.2,2.34,73.9,,2008/2009
Miasto Szkła Krosno,35.0,75.8,21.7,41.3,52.5,6.2,19.8,31.1,27.8,61.1,45.5,14.0,19.4,72.0,8.8,22.69,31.49,14.3,22.2,18.83,13.3,10.57,2.11,2.69,82.3,,2008/2009
KS Sudety Jelenia Góra,33.0,71.9,20.3,38.2,53.3,5.5,16.5,33.2,25.8,54.7,47.2,14.8,20.3,72.8,8.0,22.27,30.27,12.6,20.45,19.94,13.8,8.67,2.3,1.36,77.6,,2008/2009
MKS Dąbrowa Górnicza,30.0,72.5,19.4,38.4,50.5,6.6,19.0,34.6,26.0,57.4,45.2,14.0,20.4,68.9,8.3,22.13,30.43,13.1,20.1,20.03,15.9,9.67,3.33,2.57,75.4,,2008/2009
Polonia 2011 Warszawa,39.0,83.6,22.0,42.3,52.1,8.1,24.6,32.8,30.1,66.9,45.0,15.4,21.2,72.4,12.56,25.23,37.79,15.9,22.69,20.51,17.4,11.62,3.56,2.1,92.4,,2008/2009
Siarka Tarnobrzeg,33.0,74.5,18.9,38.5,48.9,6.6,20.4,32.4,25.5,58.9,43.2,17.0,25.2,67.6,11.33,21.58,32.91,14.6,22.61,23.7,15.9,11.52,3.3,2.58,79.3,,2008/2009
Stal Stalowa Wola,42.0,73.5,19.4,38.1,50.9,6.9,20.6,33.3,26.3,58.8,44.7,14.1,20.2,69.8,9.67,22.88,32.55,12.5,18.67,20.86,14.1,9.86,3.1,2.29,78.7,,2008/2009
Zastal Intermarche Zielona Góra,36.0,75.0,18.7,35.8,52.2,8.1,21.9,37.1,26.8,57.7,46.5,13.3,20.5,64.7,9.39,23.92,33.31,14.4,21.25,20.97,14.2,10.42,1.81,2.89,82.6,,2008/2009
PTG Sokół Łańcut,38.0,77.3,20.6,39.6,52.0,7.1,20.9,33.8,27.7,60.5,45.7,14.9,20.1,74.2,10.08,21.34,31.42,15.3,18.97,17.92,12.5,11.0,2.13,1.45,86.6,,2007/2008
Żubry Białystok,30.0,75.0,19.2,38.8,49.4,7.5,23.3,32.1,26.7,62.1,42.9,14.2,23.7,59.9,11.17,20.93,32.1,14.1,20.57,20.1,12.6,8.7,2.7,2.2,75.1,,2007/2008
PBG Basket Poznań,35.0,80.9,22.0,40.8,54.0,6.9,20.4,33.7,28.9,61.2,47.2,16.2,23.5,68.8,11.0,25.91,36.91,15.4,22.03,20.29,16.1,8.54,2.37,1.74,88.4,,2007/2008
Resovia Rzeszów,34.0,73.5,18.8,36.1,52.0,6.7,21.3,31.3,25.5,57.4,44.3,15.9,22.5,70.4,9.91,22.09,32.0,16.2,20.68,21.12,16.0,10.76,3.24,1.53,81.0,,2007/2008
MKKS Rybnik,30.0,77.7,19.5,37.3,52.4,8.4,24.4,34.5,27.9,61.6,45.3,13.4,19.7,68.2,6.93,19.27,26.2,14.9,23.33,18.97,12.6,11.47,1.13,2.0,78.8,,2007/2008
Tarnovia Tarnowo Podgórne,35.0,71.3,18.4,40.4,45.6,7.4,21.9,33.6,25.8,62.3,41.4,12.3,18.5,66.5,9.86,19.74,29.6,10.1,21.49,14.66,13.6,8.09,2.26,2.66,65.0,,2007/2008
MKS Start AZS Lublin,35.0,67.9,18.9,40.2,47.1,5.5,19.2,28.7,24.4,59.4,41.1,13.6,20.7,65.5,10.37,22.43,32.8,11.5,24.17,18.83,19.3,9.03,2.11,3.17,62.0,,2007/2008
GKS Tychy,34.0,74.3,20.8,39.0,53.4,6.5,19.7,33.1,27.3,58.6,46.6,13.2,18.4,71.8,9.53,22.09,31.62,12.4,17.88,17.5,13.5,8.47,3.56,1.56,80.3,,2007/2008
Asseco Prokom 2 Gdynia,30.0,71.3,18.9,36.8,51.2,7.5,24.7,30.3,26.4,61.6,42.8,11.1,17.2,64.2,9.3,22.63,31.93,11.0,22.73,17.17,18.1,10.1,4.0,2.4,68.8,,2007/2008
Znicz Basket Pruszków,35.0,76.4,18.3,36.1,50.8,8.0,23.1,34.8,26.4,59.2,44.5,15.7,21.5,72.7,7.89,22.43,30.31,12.8,22.51,20.11,15.7,9.43,2.29,1.97,76.8,,2007/2008
Polonia 2011 Warszawa,30.0,76.9,20.1,41.0,49.1,7.1,22.7,31.4,27.2,63.7,42.8,15.3,23.4,65.5,12.2,22.17,34.37,13.7,22.83,18.87,16.4,11.03,2.9,2.33,78.0,,2007/2008
Siarka Tarnobrzeg,35.0,76.4,19.0,37.9,50.1,7.1,22.7,31.3,26.1,60.6,43.1,17.1,25.3,67.6,10.74,20.06,30.8,12.4,21.77,21.97,13.3,10.23,2.37,2.14,76.2,,2007/2008
Sportino Inowrocław,40.0,70.8,16.5,34.3,48.0,7.9,22.6,35.0,24.4,56.9,42.8,14.2,21.1,67.2,9.85,22.13,31.98,13.9,20.4,18.3,12.4,10.98,2.08,2.25,77.9,,2007/2008
Stal Stalowa Wola,39.0,75.9,18.2,35.5,51.3,8.0,23.4,34.0,26.2,58.9,44.4,15.6,21.5,72.9,7.36,21.18,28.54,14.1,20.79,20.67,12.4,8.69,2.85,2.33,79.2,,2007/2008
Wiecko Zastal Zielona Góra,34.0,74.4,18.1,34.4,52.7,8.1,23.2,35.0,26.2,57.6,45.6,13.9,19.4,71.3,10.15,24.24,34.38,13.3,22.0,18.91,12.4,8.79,3.26,1.82,84.9,,2007/2008
Znicz Jarosław,42.0,81.6,21.7,38.6,56.1,7.6,20.1,37.6,29.2,58.8,49.8,15.6,20.3,76.6,8.76,23.55,32.31,16.2,18.71,18.29,13.7,8.29,2.43,1.83,92.9,,2007/2008
PTG Sokół Łańcut,26.0,73.1,18.8,38.4,49.0,6.6,20.2,32.5,25.4,58.6,43.3,15.8,21.5,73.3,9.19,20.81,30.0,15.5,21.31,,14.1,10.85,2.5,,78.9,,2006/2007
Tarnovia Tarnowo Podgórne,28.0,75.8,19.5,37.0,52.7,7.9,22.3,35.5,27.4,59.3,46.2,13.0,17.6,74.0,8.46,19.61,28.07,9.5,24.0,,12.5,7.68,1.18,,73.3,,2006/2007
PBG Basket Poznań,31.0,78.3,22.1,44.9,49.1,6.4,19.5,32.7,28.4,64.4,44.1,15.1,20.1,75.4,11.23,22.16,33.39,13.8,22.13,,15.0,9.32,1.97,,80.9,,2006/2007
Resovia Rzeszów,29.0,77.7,20.2,39.3,51.3,6.1,17.6,34.7,26.3,56.9,46.2,19.0,26.7,71.4,6.41,19.76,26.17,12.9,21.48,,15.4,10.66,3.14,,76.9,,2006/2007
Sportowiec Częstochowa,27.0,80.9,22.9,46.0,49.8,5.9,17.9,33.0,28.8,63.9,45.1,17.4,23.0,75.4,11.59,22.11,33.7,15.4,21.41,,14.5,11.81,1.85,,88.4,,2006/2007
MKS Start AZS Lublin,25.0,76.6,20.2,37.2,54.4,6.2,21.4,29.0,26.4,58.5,45.1,17.6,25.1,70.1,9.52,24.92,34.44,13.9,21.52,,17.2,9.44,1.84,,79.4,,2006/2007
Znicz Basket Pruszków,31.0,80.1,19.7,36.7,53.6,6.9,22.3,31.1,26.6,59.0,45.1,20.0,27.0,73.9,8.23,21.1,29.32,14.6,24.61,,16.7,9.97,2.29,,80.1,,2006/2007
Basket Kwidzyn,37.0,81.1,23.4,43.0,54.5,5.7,17.6,32.1,29.1,60.6,48.0,17.3,22.8,76.1,8.54,21.78,30.32,14.4,23.27,,12.2,10.16,2.22,,89.0,,2006/2007
Górnik Wałbrzych,37.0,78.4,21.2,38.2,55.5,5.9,17.1,34.2,27.1,55.3,48.9,18.4,24.2,76.0,9.0,23.92,32.92,14.5,22.22,,17.4,10.51,2.41,,87.2,,2006/2007
Grono Zielona Góra,33.0,70.2,15.5,31.7,48.9,8.3,23.3,35.6,23.8,55.0,43.3,14.3,19.9,72.1,8.21,21.85,30.06,12.6,22.82,,13.3,10.45,2.27,,75.6,,2006/2007
Siarka Tarnobrzeg,30.0,79.3,20.0,37.9,52.8,7.7,21.8,35.2,27.7,59.7,46.4,16.3,22.5,72.3,9.2,19.8,29.0,14.5,21.33,,15.0,11.7,2.47,,83.8,,2006/2007
Sportino Inowrocław,35.0,77.8,20.1,37.1,54.1,7.5,22.7,32.9,27.5,59.7,46.1,15.3,21.3,71.9,9.23,21.94,31.17,13.5,23.23,,13.7,11.31,2.91,,84.9,,2006/2007
Spójnia Stargard Szcz.,31.0,68.8,17.1,33.7,50.6,7.2,22.3,32.3,24.3,56.0,43.3,13.1,18.9,69.0,6.9,19.87,26.77,11.6,21.48,,13.5,8.19,2.48,,66.8,,2006/2007
Stal Stalowa Wola,30.0,77.4,21.0,38.7,54.3,6.5,19.7,33.1,27.5,58.4,47.1,15.9,23.0,69.0,8.5,22.57,31.07,14.4,20.77,,15.1,8.87,3.3,,81.9,,2006/2007
CZELADZKI KLUB SPORTOWY 1924 (CKS) Czeladź,37.0,83.3,22.3,39.5,56.5,7.3,20.8,35.2,29.6,60.2,49.2,16.8,21.4,78.5,8.27,20.78,29.05,15.5,22.22,,16.5,10.35,1.57,,88.1,,2005/2006
KS Legion Legionowo,33.0,76.2,19.1,36.4,52.4,7.1,23.6,30.0,26.2,60.0,43.6,16.9,24.8,68.1,10.97,21.06,32.03,13.6,22.94,,17.9,11.67,1.7,,75.6,,2005/2006
PBG Basket Poznań,37.0,81.5,22.5,44.4,50.8,5.8,18.9,30.7,28.3,63.2,44.8,19.2,25.8,74.4,10.62,20.43,31.05,10.4,23.38,,15.1,12.7,1.73,,80.7,,2005/2006
Sportowiec Częstochowa,33.0,82.1,23.8,45.2,52.6,6.5,18.5,35.1,30.3,63.7,47.5,15.0,20.3,74.0,10.09,23.52,33.61,17.3,21.55,,15.4,9.67,3.88,,92.4,,2005/2006
Znicz Basket Pruszków,32.0,78.3,19.6,38.3,51.2,8.0,22.7,35.4,27.6,61.0,45.3,15.0,20.5,73.1,9.97,22.03,32.0,12.8,25.31,,18.6,11.0,2.0,,78.6,,2005/2006
AZS Politechnika Radomska,37.0,71.2,19.9,42.9,46.3,5.4,15.4,35.1,25.3,58.2,43.4,15.3,21.7,70.7,8.22,21.41,29.62,9.3,21.35,,15.1,9.65,0.95,,66.3,,2005/2006
PTG Sokół Łańcut,34.0,76.8,20.4,40.7,50.1,6.6,20.2,32.6,27.0,60.9,44.3,16.3,21.8,74.6,9.53,20.74,30.26,14.3,20.91,,13.2,12.38,2.26,,83.4,,2005/2006
KS AZS AWF Katowice,37.0,77.7,21.8,43.9,49.8,6.8,20.2,33.8,28.7,64.0,44.7,13.6,19.8,68.5,10.65,19.24,29.89,12.4,23.84,,16.9,10.65,2.59,,74.8,,2005/2006
Basket Kwidzyn,34.0,75.5,21.3,40.0,53.2,6.6,19.8,33.2,27.9,59.8,46.6,13.3,19.1,69.6,9.15,21.59,30.74,13.3,21.71,,11.0,8.53,2.56,,81.9,,2005/2006
Górnik Wałbrzych,33.0,76.3,22.2,42.3,52.4,5.9,17.5,33.6,28.1,59.9,46.9,14.3,20.2,70.8,10.58,22.06,32.64,15.7,23.0,,16.5,11.45,2.58,,84.4,,2005/2006
Grono Zielona Góra,40.0,69.4,17.5,36.6,47.8,7.1,23.9,29.7,24.6,60.5,40.7,13.1,19.8,66.1,10.03,21.05,31.08,11.6,22.88,,12.5,9.58,2.65,,69.2,,2005/2006
Siarka Tarnobrzeg,36.0,74.3,18.8,38.6,48.7,7.1,21.6,33.1,25.9,60.2,43.1,15.3,21.0,72.8,9.61,20.19,29.81,12.2,21.53,,16.3,11.39,2.08,,73.6,,2005/2006
Sokołów Znicz Jarosław,39.0,86.0,22.8,39.3,58.0,7.5,19.6,38.2,30.3,59.0,51.4,17.9,23.0,77.5,9.31,23.77,33.08,15.0,20.23,,16.6,9.38,2.33,,95.3,,2005/2006
Spójnia Stargard Szcz.,34.0,78.2,20.9,37.6,55.6,7.8,21.2,36.8,28.7,58.8,48.8,12.9,18.6,69.0,8.0,21.21,29.21,14.6,20.38,,14.7,7.91,2.82,,82.2,,2005/2006
Stal Stalowa Wola,35.0,79.4,20.0,35.5,56.3,7.6,24.3,31.3,27.6,59.8,46.2,16.6,24.3,68.2,7.34,23.71,31.06,13.7,21.26,,14.6,8.57,3.46,,81.7,,2005/2006
Viking Gdynia,41.0,78.3,19.8,36.8,53.9,7.5,21.7,34.3,27.3,58.5,46.7,16.2,20.5,79.1,7.17,21.66,28.83,12.2,21.1,,13.1,7.2,3.15,,81.1,,2005/2006
